,product_name,product_asin,product_link,product_rating,product_review_count
0,Reli Recyclable Eco Friendly Trash Gallon,B07JKFG4HD,https://amazon.com/Reli-Recyclable-Eco-Friendly-Trash-Gallon/dp/B07JKFG4HD,4.6,23
1,Bags Environment Pets Biodegradable Dispenser,B00N3K01LC,https://amazon.com/Bags-Environment-Pets-Biodegradable-Dispenser/dp/B00N3K01LC,4.6,1678
2,Sandwich Reusable Multipurpose Washable Environmentally,B01MY6IUOZ,https://amazon.com/Sandwich-Reusable-Multipurpose-Washable-Environmentally/dp/B01MY6IUOZ,4.2,63
3,YIHONG Produce Reusable Drawstring Colorful,B07G9T9JLK,https://amazon.com/YIHONG-Produce-Reusable-Drawstring-Colorful/dp/B07G9T9JLK,4.9,490
4,Plastic Friendly Drinking Straws Environment,B07CYX6B4Z,https://amazon.com/Plastic-Friendly-Drinking-Straws-Environment/dp/B07CYX6B4Z,3.9,18
5,Original Friendly Through Washable Reusable,B014955KB0,https://amazon.com/Original-Friendly-Through-Washable-Reusable/dp/B014955KB0,4.8,1084
6,Biodegradable Eco Friendly Natural Charcoal Toothbrush,B077Z2WWP8,https://amazon.com/Biodegradable-Eco-Friendly-Natural-Charcoal-Toothbrush/dp/B077Z2WWP8,4.5,891
7,Stainless Reusable Drinking Environment Friendly Straight,B07KXRMGC1,https://amazon.com/Stainless-Reusable-Drinking-Environment-Friendly-Straight/dp/B07KXRMGC1,4.8,23
8,MultiColor Stainless Multi Colored FDA Approved Environment Friendly,B07G7567QC,https://amazon.com/MultiColor-Stainless-Multi-Colored-FDA-Approved-Environment-Friendly/dp/B07G7567QC,4.7,18
9,Reusable Stainless Drinking Environment Friendly Starbucks,B07B87ZRCL,https://amazon.com/Reusable-Stainless-Drinking-Environment-Friendly-Starbucks/dp/B07B87ZRCL,4.7,126
10,Reusable Groceries Waterproof Environment Lightweight,B07TB4T8V1,https://amazon.com/Reusable-Groceries-Waterproof-Environment-Lightweight/dp/B07TB4T8V1,5,47
11,Reusable VERONES Washable Friendly Vegetable,B07D261W6B,https://amazon.com/Reusable-VERONES-Washable-Friendly-Vegetable/dp/B07D261W6B,4.7,184
12,Repurpose Compostable Plant Based Clear 12 ounce,B00NNR3S3S,https://amazon.com/Repurpose-Compostable-Plant-Based-Clear-12-ounce/dp/B00NNR3S3S,4.1,169
13,Ultrasonic Electronic Repellent Upgraded Reject,B07R1VQ8WJ,https://amazon.com/Ultrasonic-Electronic-Repellent-Upgraded-Reject/dp/B07R1VQ8WJ,3.8,45
14,Green Works Compostable Cleaning Biodegradable,B014P0K2OE,https://amazon.com/Green-Works-Compostable-Cleaning-Biodegradable/dp/B014P0K2OE,4.5,232
15,Reusable Stainless Drinking Cleaning Environment,B07MNVN6L6,https://amazon.com/Reusable-Stainless-Drinking-Cleaning-Environment/dp/B07MNVN6L6,4.9,15
16,Biodegradable Recyclable Packaging Double Stitched Small Medium Large,B074TBYVB3,https://amazon.com/Biodegradable-Recyclable-Packaging-Double-Stitched-Small-Medium-Large/dp/B074TBYVB3,4.7,379
17,Lotus Produce Bags vegetable Eco friendly,B07JMHT7N1,https://amazon.com/Lotus-Produce-Bags-vegetable-Eco-friendly/dp/B07JMHT7N1,4.9,101
18,Homeries Refillable Essential Cleaning Environment,B07BN7JV1H,https://amazon.com/Homeries-Refillable-Essential-Cleaning-Environment/dp/B07BN7JV1H,4.4,25
19,Reli Biodegradable Trash Gallon Wholesale,B07JKKX2CP,https://amazon.com/Reli-Biodegradable-Trash-Gallon-Wholesale/dp/B07JKKX2CP,3.9,12
20,Jalousie Reusable Polyester Lightweight Environment,B07DQB6HYX,https://amazon.com/Jalousie-Reusable-Polyester-Lightweight-Environment/dp/B07DQB6HYX,3.6,66
21,COACHELLA Reusable Heavy Duty Vegetables Ecofriendly,B07K7LLFQP,https://amazon.com/COACHELLA-Reusable-Heavy-Duty-Vegetables-Ecofriendly/dp/B07K7LLFQP,4.8,48
22,GREEN ATMOS REUSABLE SHOPPING GROCERY,B07F2LQ3T8,https://amazon.com/GREEN-ATMOS-REUSABLE-SHOPPING-GROCERY/dp/B07F2LQ3T8,4.5,53
23,PETLOFT 300 Count Lemon Scented Durable Biodegradable,B075WPN7QB,https://amazon.com/PETLOFT-300-Count-Lemon-Scented-Durable-Biodegradable/dp/B075WPN7QB,4.2,162
24,purifyou Premium Reusable See Through Shopping,B01ISYOL40,https://amazon.com/purifyou-Premium-Reusable-See-Through-Shopping/dp/B01ISYOL40,4.8,5743
25,VEHHE Straws Stainless Drinking Reusable,B07CZW9V7W,https://amazon.com/VEHHE-Straws-Stainless-Drinking-Reusable/dp/B07CZW9V7W,4.7,790
26,Reli Recyclable Eco Friendly Trash Gallon,B07JKDH5J7,https://amazon.com/Reli-Recyclable-Eco-Friendly-Trash-Gallon/dp/B07JKDH5J7,3.5,10
27,Reusable Produce Friendly Lightweight Different,B07DLMWSY8,https://amazon.com/Reusable-Produce-Friendly-Lightweight-Different/dp/B07DLMWSY8,4.5,57
28,Telescopic Collapsible Reusable Drinking Straws,B07S8K58KB,https://amazon.com/Telescopic-Collapsible-Reusable-Drinking-Straws/dp/B07S8K58KB,4.8,12
29,Bees Wrap Assorted Sustainable Alternative,B0126LMDFK,https://amazon.com/Bees-Wrap-Assorted-Sustainable-Alternative/dp/B0126LMDFK,4.5,1272
30,Seventh Generation Towels Recycled 6 Count,B004G5RHEM,https://amazon.com/Seventh-Generation-Towels-Recycled-6-Count/dp/B004G5RHEM,4.1,365
31,containers Leakproof Completely Plastic Free Environment Friendly,B07RRV66Z8,https://amazon.com/containers-Leakproof-Completely-Plastic-Free-Environment-Friendly/dp/B07RRV66Z8,4.6,27
32,Reusable Durable Sandwich Eco friendly Storage,B07SKX8VCM,https://amazon.com/Reusable-Durable-Sandwich-Eco-friendly-Storage/dp/B07SKX8VCM,4.8,17
33,Colombia Special Part 2,B07MCFPMB8,https://amazon.com/Colombia-Special-Part-2/dp/B07MCFPMB8,4.7,307
34,HaloVa Backsplash Temperature Transparent Environment Friendly,B01M62LYPM,https://amazon.com/HaloVa-Backsplash-Temperature-Transparent-Environment-Friendly/dp/B01M62LYPM,3.9,45
35,Evolution Trash Bags Certified Material,B074VG3K2C,https://amazon.com/Evolution-Trash-Bags-Certified-Material/dp/B074VG3K2C,4.2,46
36,BarkBox Leak Proof Durable Unscented 300 count,B07DX9WLWX,https://amazon.com/BarkBox-Leak-Proof-Durable-Unscented-300-count/dp/B07DX9WLWX,4.6,163
37,LEAFY HOME Reusable Environment Friendly Dishwasher,B07S41VTH9,https://amazon.com/LEAFY-HOME-Reusable-Environment-Friendly-Dishwasher/dp/B07S41VTH9,4.9,40
38,Aria Premium Friendly Toilet Regular,B0711XJ9BR,https://amazon.com/Aria-Premium-Friendly-Toilet-Regular/dp/B0711XJ9BR,4.1,338
39,Biodegradable Compostable Recyclable Avant Disposable,B07BX3KDY6,https://amazon.com/Biodegradable-Compostable-Recyclable-Avant-Disposable/dp/B07BX3KDY6,4.6,19
40,Silent Spring Rachel Carson ebook,B004H1UELS,https://amazon.com/Silent-Spring-Rachel-Carson-ebook/dp/B004H1UELS,4.5,628
41,Homelux Theory Reusable Silicone preserving,B07C2JJNZL,https://amazon.com/Homelux-Theory-Reusable-Silicone-preserving/dp/B07C2JJNZL,4.6,693
42,Stainless Steel Metal Straw Set,B07Q7X4VNG,https://amazon.com/Stainless-Steel-Metal-Straw-Set/dp/B07Q7X4VNG,4.3,32
43,Songbirds Field Meadow,B000BRP1ME,https://amazon.com/Songbirds-Field-Meadow/dp/B000BRP1ME,3.8,12
44,DivaCat Ultrasonic Electronic Repellent Environment,B07W6JWCR8,https://amazon.com/DivaCat-Ultrasonic-Electronic-Repellent-Environment/dp/B07W6JWCR8,5,10
45,LifeStraw Personal Camping Emergency Preparedness,B006QF3TW4,https://amazon.com/LifeStraw-Personal-Camping-Emergency-Preparedness/dp/B006QF3TW4,4.6,8210
46,SIMAVO Reusable Eco Friendly Sustainable Compostable,B07RJVJP2B,https://amazon.com/SIMAVO-Reusable-Eco-Friendly-Sustainable-Compostable/dp/B07RJVJP2B,4.7,16
47,KVR Environment Friendly versatile flexible,B06Y11Z1Q2,https://amazon.com/KVR-Environment-Friendly-versatile-flexible/dp/B06Y11Z1Q2,4.7,31
48,Biodegradable Recycling Degradable Compostable Wastebasket,B07KS8VFQL,https://amazon.com/Biodegradable-Recycling-Degradable-Compostable-Wastebasket/dp/B07KS8VFQL,4.4,117
49,Living Sea Sting,B000W27AJU,https://amazon.com/Living-Sea-Sting/dp/B000W27AJU/Living-Sea-Sting/dp/B000W27AJU,4.4,57
50,Bamboo Towels Friendly Washable Reusable,B00KWBSDYC,https://amazon.com/Bamboo-Towels-Friendly-Washable-Reusable/dp/B00KWBSDYC,4.5,578
51,ASTRO Gaming C40 TR Controller PlayStation,B07KF1FB1F,https://amazon.com/ASTRO-Gaming-C40-TR-Controller-PlayStation/dp/B07KF1FB1F,3.5,255
52,Alen TF60 Carbon Replacement Asthma friendly environment,B00GOZCP0I,https://amazon.com/Alen-TF60-Carbon-Replacement-Asthma-friendly-environment/dp/B00GOZCP0I,4.6,131
53,Biodegradable Compostable Avant Disposable Concession,B07956PG91,https://amazon.com/Biodegradable-Compostable-Avant-Disposable-Concession/dp/B07956PG91,4.4,27
54,Stack 100 Compostable Paper Plates,B07MQG9H6R,https://amazon.com/Stack-100-Compostable-Paper-Plates/dp/B07MQG9H6R,4.6,155
55,Plant Based Kitchen Handles Gallon,B071JMFKM5,https://amazon.com/Plant-Based-Kitchen-Handles-Gallon/dp/B071JMFKM5,4.8,406
56,Seventh Generation Toilet Tissue Recycled,B00D3JA5V4,https://amazon.com/Seventh-Generation-Toilet-Tissue-Recycled/dp/B00D3JA5V4,4.1,349
57,UNNI Compostable Waste 120 Count Refill,B06ZYTYDX3,https://amazon.com/UNNI-Compostable-Waste-120-Count-Refill/dp/B06ZYTYDX3,4.7,416
58,Green Investing Making through Environment Friendly,1440503745,https://amazon.com/Green-Investing-Making-through-Environment-Friendly/dp/1440503745,3.5,11
59,9 5inch Ceramic Induction Compatible Warranty,B07F2VRCCH,https://amazon.com/9-5inch-Ceramic-Induction-Compatible-Warranty/dp/B07F2VRCCH,4.2,21
60,Two Cinderellas,B07DN1W3BR,https://amazon.com/Two-Cinderellas/dp/B07DN1W3BR,2.7,6224
61,Evolution Trash Bags Certified Material,B01IE0AIEA,https://amazon.com/Evolution-Trash-Bags-Certified-Material/dp/B01IE0AIEA,4.3,126
62,Alen TF60 Carbon Replacement Asthma friendly environment,B00GOZCP0I,https://amazon.com/Alen-TF60-Carbon-Replacement-Asthma-friendly-environment/dp/B00GOZCP0I,4.6,131
63,Biodegradable Compostable Avant Disposable Concession,B07956PG91,https://amazon.com/Biodegradable-Compostable-Avant-Disposable-Concession/dp/B07956PG91,4.4,27
64,Stack 100 Compostable Paper Plates,B07MQG9H6R,https://amazon.com/Stack-100-Compostable-Paper-Plates/dp/B07MQG9H6R,4.6,155
65,Plant Based Kitchen Handles Gallon,B071JMFKM5,https://amazon.com/Plant-Based-Kitchen-Handles-Gallon/dp/B071JMFKM5,4.8,406
66,Seventh Generation Toilet Tissue Recycled,B00D3JA5V4,https://amazon.com/Seventh-Generation-Toilet-Tissue-Recycled/dp/B00D3JA5V4,4.1,349
67,UNNI Compostable Waste 120 Count Refill,B06ZYTYDX3,https://amazon.com/UNNI-Compostable-Waste-120-Count-Refill/dp/B06ZYTYDX3,4.7,416
68,9 5inch Ceramic Induction Compatible Warranty,B07F2VRCCH,https://amazon.com/9-5inch-Ceramic-Induction-Compatible-Warranty/dp/B07F2VRCCH,4.2,21
69,Evolution Trash Bags Certified Material,B01IE0AIEA,https://amazon.com/Evolution-Trash-Bags-Certified-Material/dp/B01IE0AIEA,4.3,126
70,Earths Natural Alternative Bagasse Sugarcane,B00IRX5YJY,https://amazon.com/Earths-Natural-Alternative-Bagasse-Sugarcane/dp/B00IRX5YJY,4.7,487
71,Biodegradable Environment Disposable Decorations Celebrations,B07GGZWWK9,https://amazon.com/Biodegradable-Environment-Disposable-Decorations-Celebrations/dp/B07GGZWWK9,4.5,53
72,Bamboo Toothbrush Travel Case Biodegradable,B0793LWZ93,https://amazon.com/Bamboo-Toothbrush-Travel-Case-Biodegradable/dp/B0793LWZ93,4.3,71
73,Eco Friendly Kitchen Drawstring Leverage,B07KYHSFHS,https://amazon.com/Eco-Friendly-Kitchen-Drawstring-Leverage/dp/B07KYHSFHS,3.4,30
74,Friendly Environment Upper Midland Products,B07CZNPB34,https://amazon.com/Friendly-Environment-Upper-Midland-Products/dp/B07CZNPB34,4,15
75,Pliable Survival Emergency Environment Friendly,B07QZ4XZNC,https://amazon.com/Pliable-Survival-Emergency-Environment-Friendly/dp/B07QZ4XZNC,4.9,25
76,Reef Womens Sandy Flip Flop Aqua,B07CZ5FTVR,https://amazon.com/Reef-Womens-Sandy-Flip-Flop-Aqua/dp/B07CZ5FTVR,4.1,3327
77,STK Extra Thick Cleaning Kitchen Bathroom Furniture Leather Car Steel,B01CYTW58Y,https://amazon.com/STK-Extra-Thick-Cleaning-Kitchen-Bathroom-Furniture-Leather-Car-Steel/dp/B01CYTW58Y,4.4,2383
78,Collapsible Portable Expandable Foldable Carabiner,B07DLR15G3,https://amazon.com/Collapsible-Portable-Expandable-Foldable-Carabiner/dp/B07DLR15G3,4.6,18
79,Epica Stainless Compost Gallon Charcoal,B00AMNCYNQ,https://amazon.com/Epica-Stainless-Compost-Gallon-Charcoal/dp/B00AMNCYNQ,4.8,6671
80,Living Sea 4K UHD,B016AT8LZ0,https://amazon.com/Living-Sea-4K-UHD/dp/B016AT8LZ0,4.3,288
81,Konserve Stainless Environment Friendly Alternative,B00CAG7RGM,https://amazon.com/Konserve-Stainless-Environment-Friendly-Alternative/dp/B00CAG7RGM,4.1,31
82,Reef Womens Sandy Flip Flop Aqua,B07CZ5FTVR,https://amazon.com/Reef-Womens-Sandy-Flip-Flop-Aqua/dp/B07CZ5FTVR,4.1,3327
83,COUNT Round Disposable Bowls product,B07921T2Y5,https://amazon.com/COUNT-Round-Disposable-Bowls-product/dp/B07921T2Y5,4.6,35
84,Biodegradable Charcoal Toothbrushes Compostable Kooler Things,B07HRXYYNF,https://amazon.com/Biodegradable-Charcoal-Toothbrushes-Compostable-Kooler-Things/dp/B07HRXYYNF,4.5,691
85,Biodegradable Charcoal Toothbrushes Compostable Kooler Things,B07HRXYYNF,https://amazon.com/Biodegradable-Charcoal-Toothbrushes-Compostable-Kooler-Things/dp/B07HRXYYNF,4.5,691
86,Biodegradable Compostable Recycling Bathroom Wastebasket,B07PQHCVXD,https://amazon.com/Biodegradable-Compostable-Recycling-Bathroom-Wastebasket/dp/B07PQHCVXD,4.6,35
87,FirstChoice EcoNaturals Disposable White Paper,B07NVZR2PQ,https://amazon.com/FirstChoice-EcoNaturals-Disposable-White-Paper/dp/B07NVZR2PQ,4.5,13
88,Natural Alt Bamboo Charcoal Toothbrush,B07BSQMJVY,https://amazon.com/Natural-Alt-Bamboo-Charcoal-Toothbrush/dp/B07BSQMJVY,4.2,94
89,Hesta Reusable Menstrual environment friendly overnight,B018P2BF94,https://amazon.com/Hesta-Reusable-Menstrual-environment-friendly-overnight/dp/B018P2BF94,4,10
90,Reusable Silicone Food Grade Storage,B07BH4Y7PJ,https://amazon.com/Reusable-Silicone-Food-Grade-Storage/dp/B07BH4Y7PJ,4.4,84
91,PICTEK Programmable Breathing Ergonomic Computer,B01FZ3BR5S,https://amazon.com/PICTEK-Programmable-Breathing-Ergonomic-Computer/dp/B01FZ3BR5S,4.3,2348
92,Reusable Scrubber Exfoliator Washable Skincare,B07QFN6P3T,https://amazon.com/Reusable-Scrubber-Exfoliator-Washable-Skincare/dp/B07QFN6P3T,4.6,24
93,TaoTronics Wireless Cordless Handheld Barcode,B00E0G2M6U,https://amazon.com/TaoTronics-Wireless-Cordless-Handheld-Barcode/dp/B00E0G2M6U,3.8,333
94,Squirm Carl Hiaasen ebook,B0796DHBXD,https://amazon.com/Squirm-Carl-Hiaasen-ebook/dp/B0796DHBXD,4.1,143
95,Pretzel Labs Garbage Hero,B07H2VSKC1,https://amazon.com/Pretzel-Labs-Garbage-Hero/dp/B07H2VSKC1,4.5,10
96,Toothbrush Anti Bacterial Exquisite Environment Breathable,B07H3KV4W7,https://amazon.com/Toothbrush-Anti-Bacterial-Exquisite-Environment-Breathable/dp/B07H3KV4W7,4.1,42
97,Mind Reader 3FILEBM BRN Organizer Environment,B07F92SV9B,https://amazon.com/Mind-Reader-3FILEBM-BRN-Organizer-Environment/dp/B07F92SV9B,3.7,11
98,Reusable Friendly Washable Vegetable Drawstring,B00WRB32YG,https://amazon.com/Reusable-Friendly-Washable-Vegetable-Drawstring/dp/B00WRB32YG,4.4,244
99,Reusable Ecofriendly Cleaning Alternative Environment,B07CMF2SZG,https://amazon.com/Reusable-Ecofriendly-Cleaning-Alternative-Environment/dp/B07CMF2SZG,3.8,24
100,The Weeping Somnambulist,B079PB9KFP,https://amazon.com/The-Weeping-Somnambulist/dp/B079PB9KFP,4.8,1835
101,Max Superior Stainless See Through Environment,B07KX88F7T,https://amazon.com/Max-Superior-Stainless-See-Through-Environment/dp/B07KX88F7T,4.7,21
102,Best Canned Air Alternative Inexpensive,B008KNFAOK,https://amazon.com/Best-Canned-Air-Alternative-Inexpensive/dp/B008KNFAOK,3.4,102
103,Earth Rated Lavender Scented Completely,B00BSYR7K8,https://amazon.com/Earth-Rated-Lavender-Scented-Completely/dp/B00BSYR7K8,4.8,11806
104,NSR Purpose Degreaser Environment Friendly,B00SVFYQ4C,https://amazon.com/NSR-Purpose-Degreaser-Environment-Friendly/dp/B00SVFYQ4C,3.6,16
105,Reef Sandals Rover Athletic Waterproof,B01MU000YT,https://amazon.com/Reef-Sandals-Rover-Athletic-Waterproof/dp/B01MU000YT,4.3,119
106,Waterproof Sweatproof Natural Mineral Sunscreen,B0765BSTTZ,https://amazon.com/Waterproof-Sweatproof-Natural-Mineral-Sunscreen/dp/B0765BSTTZ,3.8,20
107,Mind Reader 3SETRAY BRN Environment Rectangular,B07F83L8XP,https://amazon.com/Mind-Reader-3SETRAY-BRN-Environment-Rectangular/dp/B07F83L8XP,4,14
108,Natural Weed Killer Commercial Friendly,B0714NHR4Z,https://amazon.com/Natural-Weed-Killer-Commercial-Friendly/dp/B0714NHR4Z,4.3,249
109,Circle Poison Evan Mascagni,B01LDIMHDK,https://amazon.com/Circle-Poison-Evan-Mascagni/dp/B01LDIMHDK,4.7,18
110,Banner Christening Decoration biodegradable Environment,B074585W9Z,https://amazon.com/Banner-Christening-Decoration-biodegradable-Environment/dp/B074585W9Z,4.8,19
111,Mann Lake DC 799 Apivar Pack,B01M0H2R13,https://amazon.com/Mann-Lake-DC-799-Apivar-Pack/dp/B01M0H2R13,4.4,101
112,Reusable Grocery Bags Pack Black,B01G5XYBQY,https://amazon.com/Reusable-Grocery-Bags-Pack-Black/dp/B01G5XYBQY,4.4,695
113,Reusable Grocery Bags Pack Black,B01G5XYBQY,https://amazon.com/Reusable-Grocery-Bags-Pack-Black/dp/B01G5XYBQY,4.4,695
114,Green Gobbler Vinegar Natural Organic,B07GSGFBRN,https://amazon.com/Green-Gobbler-Vinegar-Natural-Organic/dp/B07GSGFBRN,4.4,804
115,Natural Dental Floss Picks 4pk,B07NSBLN5J,https://amazon.com/Natural-Dental-Floss-Picks-4pk/dp/B07NSBLN5J,4.7,48
116,Multi Color Biodegradable Environmentally Sustainable Compostable,B07B4NVFRQ,https://amazon.com/Multi-Color-Biodegradable-Environmentally-Sustainable-Compostable/dp/B07B4NVFRQ,4.3,116
117,Konserve Insulated Stainless Environment Alternative,B07BZ2Y14W,https://amazon.com/Konserve-Insulated-Stainless-Environment-Alternative/dp/B07BZ2Y14W,4.5,26
118,Bags%EF%BC%8C2 6 Garbage FORID Bathroom Bedroom,B079KMPJ12,https://amazon.com/Bags%EF%BC%8C2-6-Garbage-FORID-Bathroom-Bedroom/dp/B079KMPJ12,4.8,506
119,Organic Reusable Produce Bags Drawstring,B073VCZJZR,https://amazon.com/Organic-Reusable-Produce-Bags-Drawstring/dp/B073VCZJZR,4.6,361
120,PetBemo Environment Friendly Leak Proof Standard,B07DPM2C1M,https://amazon.com/PetBemo-Environment-Friendly-Leak-Proof-Standard/dp/B07DPM2C1M,4.2,104
121,Wolife Menstrual Versatile Preservation Container,B07S7GFY9T,https://amazon.com/Wolife-Menstrual-Versatile-Preservation-Container/dp/B07S7GFY9T,4.3,32
122,Earthwise Reusable Mesh Produce Bags,B005E2QRPG,https://amazon.com/Earthwise-Reusable-Mesh-Produce-Bags/dp/B005E2QRPG,4.8,1554
123,PlayStation VR Rescue Mission Bundle 4,B07H47J7T5,https://amazon.com/PlayStation-VR-Rescue-Mission-Bundle-4/dp/B07H47J7T5,4.6,177
124,Kimz biodegradable environmental ecofriendly compostable,B07GWQT8WK,https://amazon.com/Kimz-biodegradable-environmental-ecofriendly-compostable/dp/B07GWQT8WK,4.6,164
125,BarkBox Leak Proof Durable Unscented 300 count,B07DXBRYR4,https://amazon.com/BarkBox-Leak-Proof-Durable-Unscented-300-count/dp/B07DXBRYR4,4.7,722
126,Botany Desire Plants Eye View World ebook,B000FC1H14,https://amazon.com/Botany-Desire-Plants-Eye-View-World-ebook/dp/B000FC1H14,4.5,472
127,Containers 3 Compartment Plastic Environment Friendly,B01C3P3H2C,https://amazon.com/Containers-3-Compartment-Plastic-Environment-Friendly/dp/B01C3P3H2C,3.6,111
128,Aerial Odyssey Germany Petra H%C3%B6fer,B010FFBMP6,https://amazon.com/Aerial-Odyssey-Germany-Petra-H%C3%B6fer/dp/B010FFBMP6,4.3,69
129,YLQM Environment Friendly Silicone Artificial,B07RHL9D3V,https://amazon.com/YLQM-Environment-Friendly-Silicone-Artificial/dp/B07RHL9D3V,4.8,51
130,Toca Boca Blocks,B01HQ6AX1G,https://amazon.com/Toca-Boca-Blocks/dp/B01HQ6AX1G,4.4,48
131,Seventh Generation Toilet Tissue Recycled,B00T87VN20,https://amazon.com/Seventh-Generation-Toilet-Tissue-Recycled/dp/B00T87VN20,4,535
132,Mind Reader PLATECER3 BRN Condiment Environment,B07F7WJHCZ,https://amazon.com/Mind-Reader-PLATECER3-BRN-Condiment-Environment/dp/B07F7WJHCZ,4.5,10
133,Mind Reader X3TSHELF BRN Organizer Environment,B07F7VTRTN,https://amazon.com/Mind-Reader-X3TSHELF-BRN-Organizer-Environment/dp/B07F7VTRTN,3.9,59
134,PreSonus Recording Production Software License,B00XNOJPYC,https://amazon.com/PreSonus-Recording-Production-Software-License/dp/B00XNOJPYC,3.5,46
135,EcoSip Collapsible Telescopic Drinking Stainless,B07S16Z2RJ,https://amazon.com/EcoSip-Collapsible-Telescopic-Drinking-Stainless/dp/B07S16Z2RJ,4.4,92
136,FLOOD PPG FLD6 04 Floetrol Additive,B000C029PM,https://amazon.com/FLOOD-PPG-FLD6-04-Floetrol-Additive/dp/B000C029PM,4.5,443
137,Uforme Simple Flannel Durable Environment Friendly,B01LXXK9MQ,https://amazon.com/Uforme-Simple-Flannel-Durable-Environment-Friendly/dp/B01LXXK9MQ,3.6,54
138,Mind Reader 2TTRACK BRN Organizer Environment,B07F7VTTSX,https://amazon.com/Mind-Reader-2TTRACK-BRN-Organizer-Environment/dp/B07F7VTTSX,3.3,16
139,stainless designing grilling dispenser environment,B07PZSKGXX,https://amazon.com/stainless-designing-grilling-dispenser-environment/dp/B07PZSKGXX,2.7,18
140,FLOOD PPG FLD6 04 Floetrol Additive,B000C029PM,https://amazon.com/FLOOD-PPG-FLD6-04-Floetrol-Additive/dp/B000C029PM,4.5,443
141,Uforme Simple Flannel Durable Environment Friendly,B01LXXK9MQ,https://amazon.com/Uforme-Simple-Flannel-Durable-Environment-Friendly/dp/B01LXXK9MQ,3.6,54
142,Mind Reader 2TTRACK BRN Organizer Environment,B07F7VTTSX,https://amazon.com/Mind-Reader-2TTRACK-BRN-Organizer-Environment/dp/B07F7VTTSX,3.3,16
143,stainless designing grilling dispenser environment,B07PZSKGXX,https://amazon.com/stainless-designing-grilling-dispenser-environment/dp/B07PZSKGXX,2.7,18
144,Repurpose Compostable Plant Based Clear ounce,B00MCYIWX4,https://amazon.com/Repurpose-Compostable-Plant-Based-Clear-ounce/dp/B00MCYIWX4,4.4,137
145,EcoSMART Grass Killer Spray Bottle,B005ZWD89I,https://amazon.com/EcoSMART-Grass-Killer-Spray-Bottle/dp/B005ZWD89I,2.3,176
146,Planet Patagonia Beauty Nature Relaxing,B01JHXSRZU,https://amazon.com/Planet-Patagonia-Beauty-Nature-Relaxing/dp/B01JHXSRZU,4,21
147,UNNI Compostable Kitchen Certified Francisco,B013XGQXVW,https://amazon.com/UNNI-Compostable-Kitchen-Certified-Francisco/dp/B013XGQXVW,4.4,1466
148,GoWoo 100 Natural Bamboo Toothbrush,B075CT3WJN,https://amazon.com/GoWoo-100-Natural-Bamboo-Toothbrush/dp/B075CT3WJN,4.3,476
149,Reef Safe Biodegradable Waterproof Sunscreen,B007KB6J0M,https://amazon.com/Reef-Safe-Biodegradable-Waterproof-Sunscreen/dp/B007KB6J0M,3,116
150,Bringing Nature Home Wildlife Expanded ebook,B003UV8ZTE,https://amazon.com/Bringing-Nature-Home-Wildlife-Expanded-ebook/dp/B003UV8ZTE,4.8,380
151,OTAGO Collapsible Reusable Food Grade Smoothie,B07S88VFM9,https://amazon.com/OTAGO-Collapsible-Reusable-Food-Grade-Smoothie/dp/B07S88VFM9,4.7,151
152,Reusable produce drawstring reusable storage,B07K1T5YQC,https://amazon.com/Reusable-produce-drawstring-reusable-storage/dp/B07K1T5YQC,4.6,35
153,Charlies Soap Indoor Outdoor Biodegradable Multi Surface,B004X0B2T6,https://amazon.com/Charlies-Soap-Indoor-Outdoor-Biodegradable-Multi-Surface/dp/B004X0B2T6,4.7,141
154,Amazon Brand Solimo Disinfecting Wipes,B07F246YG1,https://amazon.com/Amazon-Brand-Solimo-Disinfecting-Wipes/dp/B07F246YG1,4.5,335
155,PICTEK Keyboard Ergonomic Mechanical Programmable,B07L8R9QQ9,https://amazon.com/PICTEK-Keyboard-Ergonomic-Mechanical-Programmable/dp/B07L8R9QQ9,4.4,158
156,OTAGO Collapsible Reusable Food Grade Smoothie,B07S88VFM9,https://amazon.com/OTAGO-Collapsible-Reusable-Food-Grade-Smoothie/dp/B07S88VFM9,4.7,151
157,Reusable produce drawstring reusable storage,B07K1T5YQC,https://amazon.com/Reusable-produce-drawstring-reusable-storage/dp/B07K1T5YQC,4.6,35